"ITEM_CD","LOT_NUMBER","INVOICE_NO","DELIVERY_DATE","SHIP_PLAN_DATE","SHIP_QTY","SLIP_CD","CREATED_DATE","CUST_ODR_NO","CUST_CD","TOTAL"
"10288497","JA30","5020020111","2020-02-07 08:00:00","2020-02-06","1","50SLD0000242318","2020-02-06 15:55:56","SSAWD045","D20170","440"
"10288497","JA30","5020020111","2020-02-07 08:00:00","2020-02-06","1","50SLD0000242318","2020-02-06 15:55:57","SSAWD045","D20170","440"
"10288497","JA30","5020020111","2020-02-07 08:00:00","2020-02-06","1","50SLD0000242318","2020-02-06 15:55:59","SSAWD045","D20170","440"
"10288497","JA30","5020020111","2020-02-07 08:00:00","2020-02-06","1","50SLD0000242318","2020-02-06 15:56:01","SSAWD045","D20170","440"
"10288497","JA30","5020020111","2020-02-07 08:00:00","2020-02-06","1","50SLD0000242318","2020-02-06 15:56:04","SSAWD045","D20170","440"
"10288497","JA30","5020020111","2020-02-07 08:00:00","2020-02-06","1","50SLD0000242318","2020-02-06 15:56:05","SSAWD045","D20170","440"
"10288497","JA30","5020020111","2020-02-07 08:00:00","2020-02-06","1","50SLD0000242318","2020-02-06 15:56:07","SSAWD045","D20170","440"
"10288497","JA31","5020020111","2020-02-07 08:00:00","2020-02-06","1","50SLD0000242318","2020-02-06 15:56:08","SSAWD045","D20170","440"
"10288497","JA30","5020020111","2020-02-07 08:00:00","2020-02-06","1","50SLD0000242318","2020-02-06 15:56:10","SSAWD045","D20170","440"
"10288497","JA30","5020020111","2020-02-07 08:00:00","2020-02-06","1","50SLD0000242318","2020-02-06 15:56:11","SSAWD045","D20170","440"
"10288497","JA30","5020020111","2020-02-07 08:00:00","2020-02-06","1","50SLD0000242318","2020-02-06 15:56:14","SSAWD045","D20170","440"
"10288497","JA30","5020020111","2020-02-07 08:00:00","2020-02-06","1","50SLD0000242318","2020-02-06 15:56:15","SSAWD045","D20170","440"
"10288497","JA30","5020020111","2020-02-07 08:00:00","2020-02-06","1","50SLD0000242318","2020-02-06 15:56:16","SSAWD045","D20170","440"
"10288497","JA30","5020020111","2020-02-07 08:00:00","2020-02-06","1","50SLD0000242318","2020-02-06 15:56:17","SSAWD045","D20170","440"
"10288497","JA30","5020020111","2020-02-07 08:00:00","2020-02-06","1","50SLD0000242318","2020-02-06 15:56:20","SSAWD045","D20170","440"
"10288497","JA30","5020020111","2020-02-07 08:00:00","2020-02-06","1","50SLD0000242318","2020-02-06 15:56:22","SSAWD045","D20170","440"
"10288497","JA30","5020020111","2020-02-07 08:00:00","2020-02-06","1","50SLD0000242318","2020-02-06 15:56:24","SSAWD045","D20170","440"
"10288497","JA30","5020020111","2020-02-07 08:00:00","2020-02-06","1","50SLD0000242318","2020-02-06 15:56:26","SSAWD045","D20170","440"
"10288497","JA30","5020020111","2020-02-07 08:00:00","2020-02-06","1","50SLD0000242318","2020-02-06 15:56:27","SSAWD045","D20170","440"
"10288497","JA30","5020020111","2020-02-07 08:00:00","2020-02-06","1","50SLD0000242318","2020-02-06 15:56:28","SSAWD045","D20170","440"
"10288497","JA31","5020020111","2020-02-07 08:00:00","2020-02-06","1","50SLD0000242318","2020-02-06 15:56:32","SSAWD045","D20170","440"
"10288497","JA31","5020020111","2020-02-07 08:00:00","2020-02-06","1","50SLD0000242318","2020-02-06 15:56:34","SSAWD045","D20170","440"
"10288497","JA30","5020020111","2020-02-07 08:00:00","2020-02-06","1","50SLD0000242318","2020-02-06 15:56:35","SSAWD045","D20170","440"
"10288497","JA31","5020020111","2020-02-07 08:00:00","2020-02-06","1","50SLD0000242318","2020-02-06 15:56:36","SSAWD045","D20170","440"
"10288497","JB04","5020020111","2020-02-07 08:00:00","2020-02-06","1","50SLD0000242318","2020-02-06 15:56:38","SSAWD045","D20170","440"
"10288497","JB04","5020020111","2020-02-07 08:00:00","2020-02-06","1","50SLD0000242318","2020-02-06 15:56:41","SSAWD045","D20170","440"
"10288497","JA30","5020020111","2020-02-07 08:00:00","2020-02-06","1","50SLD0000242318","2020-02-06 15:56:42","SSAWD045","D20170","440"
"10288497","JA30","5020020111","2020-02-07 08:00:00","2020-02-06","1","50SLD0000242318","2020-02-06 15:56:44","SSAWD045","D20170","440"
"10288497","JA31","5020020111","2020-02-07 08:00:00","2020-02-06","1","50SLD0000242318","2020-02-06 15:56:48","SSAWD045","D20170","440"
"10288497","JB04","5020020111","2020-02-07 08:00:00","2020-02-06","1","50SLD0000242318","2020-02-06 15:56:49","SSAWD045","D20170","440"
"10288497","JB04","5020020111","2020-02-07 08:00:00","2020-02-06","1","50SLD0000242318","2020-02-06 15:56:52","SSAWD045","D20170","440"
"10288497","JB04","5020020111","2020-02-07 08:00:00","2020-02-06","1","50SLD0000242318","2020-02-06 15:56:53","SSAWD045","D20170","440"
"10288497","JB04","5020020111","2020-02-07 08:00:00","2020-02-06","1","50SLD0000242318","2020-02-06 15:56:55","SSAWD045","D20170","440"
"10288497","JB04","5020020111","2020-02-07 08:00:00","2020-02-06","1","50SLD0000242318","2020-02-06 15:56:57","SSAWD045","D20170","440"
"10288497","JA30","5020020111","2020-02-07 08:00:00","2020-02-06","1","50SLD0000242318","2020-02-06 15:56:58","SSAWD045","D20170","440"
"10288497","JA30","5020020111","2020-02-07 08:00:00","2020-02-06","1","50SLD0000242318","2020-02-06 15:57:00","SSAWD045","D20170","440"
"10288497","JA30","5020020111","2020-02-07 08:00:00","2020-02-06","1","50SLD0000242318","2020-02-06 15:57:01","SSAWD045","D20170","440"
"10288497","JA31","5020020111","2020-02-07 08:00:00","2020-02-06","1","50SLD0000242318","2020-02-06 15:57:03","SSAWD045","D20170","440"
"10288497","JA30","5020020111","2020-02-07 08:00:00","2020-02-06","1","50SLD0000242318","2020-02-06 15:57:04","SSAWD045","D20170","440"
"10288497","JA30","5020020111","2020-02-07 08:00:00","2020-02-06","1","50SLD0000242318","2020-02-06 15:57:06","SSAWD045","D20170","440"
"10288497","JB04","5020020111","2020-02-07 08:00:00","2020-02-06","1","50SLD0000242318","2020-02-06 15:57:15","SSAWD045","D20170","440"
"10288497","JB04","5020020111","2020-02-07 08:00:00","2020-02-06","1","50SLD0000242318","2020-02-06 15:57:16","SSAWD045","D20170","440"
"10288497","JB04","5020020111","2020-02-07 08:00:00","2020-02-06","1","50SLD0000242318","2020-02-06 15:57:20","SSAWD045","D20170","440"
"10288497","JB04","5020020111","2020-02-07 08:00:00","2020-02-06","1","50SLD0000242318","2020-02-06 15:57:24","SSAWD045","D20170","440"
"10288497","JB04","5020020111","2020-02-07 08:00:00","2020-02-06","1","50SLD0000242318","2020-02-06 15:57:25","SSAWD045","D20170","440"
"10288497","JB04","5020020111","2020-02-07 08:00:00","2020-02-06","1","50SLD0000242318","2020-02-06 15:57:26","SSAWD045","D20170","440"
"10288497","JB04","5020020111","2020-02-07 08:00:00","2020-02-06","1","50SLD0000242318","2020-02-06 15:57:27","SSAWD045","D20170","440"
"10288497","JB04","5020020111","2020-02-07 08:00:00","2020-02-06","1","50SLD0000242318","2020-02-06 15:57:29","SSAWD045","D20170","440"
"10288497","JB04","5020020111","2020-02-07 08:00:00","2020-02-06","1","50SLD0000242318","2020-02-06 15:57:30","SSAWD045","D20170","440"
"10288497","JB04","5020020111","2020-02-07 08:00:00","2020-02-06","1","50SLD0000242318","2020-02-06 15:57:31","SSAWD045","D20170","440"
"10288497","JB04","5020020111","2020-02-07 08:00:00","2020-02-06","1","50SLD0000242318","2020-02-06 15:57:34","SSAWD045","D20170","440"
"10288497","JB04","5020020111","2020-02-07 08:00:00","2020-02-06","1","50SLD0000242318","2020-02-06 15:57:36","SSAWD045","D20170","440"
"10288497","JB04","5020020111","2020-02-07 08:00:00","2020-02-06","1","50SLD0000242318","2020-02-06 15:57:38","SSAWD045","D20170","440"
"10288497","JB04","5020020111","2020-02-07 08:00:00","2020-02-06","1","50SLD0000242318","2020-02-06 15:57:42","SSAWD045","D20170","440"
"10288497","JB04","5020020111","2020-02-07 08:00:00","2020-02-06","1","50SLD0000242318","2020-02-06 15:57:43","SSAWD045","D20170","440"
"10288497","JB04","5020020111","2020-02-07 08:00:00","2020-02-06","1","50SLD0000242318","2020-02-06 15:57:45","SSAWD045","D20170","440"
"10288497","JB04","5020020111","2020-02-07 08:00:00","2020-02-06","1","50SLD0000242318","2020-02-06 15:57:54","SSAWD045","D20170","440"
"10288497","JB04","5020020111","2020-02-07 08:00:00","2020-02-06","1","50SLD0000242318","2020-02-06 15:57:57","SSAWD045","D20170","440"
"10288497","JB04","5020020111","2020-02-07 08:00:00","2020-02-06","1","50SLD0000242318","2020-02-06 15:57:59","SSAWD045","D20170","440"
"10288497","JB04","5020020111","2020-02-07 08:00:00","2020-02-06","1","50SLD0000242318","2020-02-06 15:58:01","SSAWD045","D20170","440"
"10288497","JA30","5020020111","2020-02-07 08:00:00","2020-02-06","1","50SLD0000242318","2020-02-06 15:58:04","SSAWD045","D20170","440"
"10288497","JA30","5020020111","2020-02-07 08:00:00","2020-02-06","1","50SLD0000242318","2020-02-06 15:58:06","SSAWD045","D20170","440"
"10288497","JA30","5020020111","2020-02-07 08:00:00","2020-02-06","1","50SLD0000242318","2020-02-06 15:58:07","SSAWD045","D20170","440"
"10288497","JB04","5020020111","2020-02-07 08:00:00","2020-02-06","1","50SLD0000242318","2020-02-06 15:58:09","SSAWD045","D20170","440"
"10288497","JB04","5020020111","2020-02-07 08:00:00","2020-02-06","1","50SLD0000242318","2020-02-06 15:58:10","SSAWD045","D20170","440"
"10288497","JB04","5020020111","2020-02-07 08:00:00","2020-02-06","1","50SLD0000242318","2020-02-06 15:58:12","SSAWD045","D20170","440"
"10288497","JB04","5020020111","2020-02-07 08:00:00","2020-02-06","1","50SLD0000242318","2020-02-06 15:58:15","SSAWD045","D20170","440"
"10288497","JB04","5020020111","2020-02-07 08:00:00","2020-02-06","1","50SLD0000242318","2020-02-06 15:58:16","SSAWD045","D20170","440"
"10288497","JA30","5020020111","2020-02-07 08:00:00","2020-02-06","1","50SLD0000242318","2020-02-06 15:58:18","SSAWD045","D20170","440"
"10288497","JA30","5020020111","2020-02-07 08:00:00","2020-02-06","1","50SLD0000242318","2020-02-06 15:58:20","SSAWD045","D20170","440"
"10288497","JB04","5020020111","2020-02-07 08:00:00","2020-02-06","1","50SLD0000242318","2020-02-06 15:58:21","SSAWD045","D20170","440"
"10288497","JB04","5020020111","2020-02-07 08:00:00","2020-02-06","1","50SLD0000242318","2020-02-06 15:58:22","SSAWD045","D20170","440"
"10288497","JB04","5020020111","2020-02-07 08:00:00","2020-02-06","1","50SLD0000242318","2020-02-06 15:58:23","SSAWD045","D20170","440"
"10288497","JB04","5020020111","2020-02-07 08:00:00","2020-02-06","1","50SLD0000242318","2020-02-06 15:58:25","SSAWD045","D20170","440"
"10288497","JB04","5020020111","2020-02-07 08:00:00","2020-02-06","1","50SLD0000242318","2020-02-06 15:58:26","SSAWD045","D20170","440"
"10288497","JB04","5020020111","2020-02-07 08:00:00","2020-02-06","1","50SLD0000242318","2020-02-06 15:58:28","SSAWD045","D20170","440"
"10288497","JB04","5020020111","2020-02-07 08:00:00","2020-02-06","1","50SLD0000242318","2020-02-06 15:58:32","SSAWD045","D20170","440"
"10288497","JB04","5020020111","2020-02-07 08:00:00","2020-02-06","1","50SLD0000242318","2020-02-06 15:58:33","SSAWD045","D20170","440"
"10288497","JB04","5020020111","2020-02-07 08:00:00","2020-02-06","1","50SLD0000242318","2020-02-06 15:58:34","SSAWD045","D20170","440"
"10288497","JB04","5020020111","2020-02-07 08:00:00","2020-02-06","1","50SLD0000242318","2020-02-06 15:58:40","SSAWD045","D20170","440"
"10288497","JB04","5020020111","2020-02-07 08:00:00","2020-02-06","1","50SLD0000242318","2020-02-06 15:59:42","SSAWD045","D20170","440"
"10288497","JB04","5020020111","2020-02-07 08:00:00","2020-02-06","1","50SLD0000242318","2020-02-06 15:59:44","SSAWD045","D20170","440"
"10288497","JB04","5020020111","2020-02-07 08:00:00","2020-02-06","1","50SLD0000242318","2020-02-06 15:59:45","SSAWD045","D20170","440"
"10288497","JB04","5020020111","2020-02-07 08:00:00","2020-02-06","1","50SLD0000242318","2020-02-06 15:59:47","SSAWD045","D20170","440"
"10288497","JB04","5020020111","2020-02-07 08:00:00","2020-02-06","1","50SLD0000242318","2020-02-06 15:59:50","SSAWD045","D20170","440"
"10288497","JB04","5020020111","2020-02-07 08:00:00","2020-02-06","1","50SLD0000242318","2020-02-06 15:59:51","SSAWD045","D20170","440"
"10288497","JB04","5020020111","2020-02-07 08:00:00","2020-02-06","1","50SLD0000242318","2020-02-06 15:59:53","SSAWD045","D20170","440"
"10288497","JB04","5020020111","2020-02-07 08:00:00","2020-02-06","1","50SLD0000242318","2020-02-06 15:59:54","SSAWD045","D20170","440"
"10288497","JB04","5020020111","2020-02-07 08:00:00","2020-02-06","1","50SLD0000242318","2020-02-06 15:59:57","SSAWD045","D20170","440"
"10288497","JB04","5020020111","2020-02-07 08:00:00","2020-02-06","1","50SLD0000242318","2020-02-06 15:59:59","SSAWD045","D20170","440"
"10288497","JB04","5020020111","2020-02-07 08:00:00","2020-02-06","1","50SLD0000242318","2020-02-06 16:00:01","SSAWD045","D20170","440"
"10288497","JB04","5020020111","2020-02-07 08:00:00","2020-02-06","1","50SLD0000242318","2020-02-06 16:00:02","SSAWD045","D20170","440"
"10288497","JB04","5020020111","2020-02-07 08:00:00","2020-02-06","1","50SLD0000242318","2020-02-06 16:00:03","SSAWD045","D20170","440"
"10288497","JB04","5020020111","2020-02-07 08:00:00","2020-02-06","1","50SLD0000242318","2020-02-06 16:00:04","SSAWD045","D20170","440"
"10288497","JB04","5020020111","2020-02-07 08:00:00","2020-02-06","1","50SLD0000242318","2020-02-06 16:00:06","SSAWD045","D20170","440"
"10288497","JB04","5020020111","2020-02-07 08:00:00","2020-02-06","1","50SLD0000242318","2020-02-06 16:00:07","SSAWD045","D20170","440"
"10288497","JB04","5020020111","2020-02-07 08:00:00","2020-02-06","1","50SLD0000242318","2020-02-06 16:00:09","SSAWD045","D20170","440"
"10288497","JB04","5020020111","2020-02-07 08:00:00","2020-02-06","1","50SLD0000242318","2020-02-06 16:00:10","SSAWD045","D20170","440"
"10288497","JB04","5020020111","2020-02-07 08:00:00","2020-02-06","1","50SLD0000242318","2020-02-06 16:00:11","SSAWD045","D20170","440"
"10288497","JB04","5020020111","2020-02-07 08:00:00","2020-02-06","1","50SLD0000242318","2020-02-06 16:00:12","SSAWD045","D20170","440"
"10288497","JB04","5020020111","2020-02-07 08:00:00","2020-02-06","1","50SLD0000242318","2020-02-06 16:02:16","SSAWD045","D20170","440"
"10288497","JB04","5020020111","2020-02-07 08:00:00","2020-02-06","1","50SLD0000242318","2020-02-06 16:02:17","SSAWD045","D20170","440"
"10288497","JB04","5020020111","2020-02-07 08:00:00","2020-02-06","1","50SLD0000242318","2020-02-06 16:02:18","SSAWD045","D20170","440"
"10288497","JB04","5020020111","2020-02-07 08:00:00","2020-02-06","1","50SLD0000242318","2020-02-06 16:02:19","SSAWD045","D20170","440"
"10288497","JB04","5020020111","2020-02-07 08:00:00","2020-02-06","1","50SLD0000242318","2020-02-06 16:02:24","SSAWD045","D20170","440"
"10288497","JB04","5020020111","2020-02-07 08:00:00","2020-02-06","1","50SLD0000242318","2020-02-06 16:02:25","SSAWD045","D20170","440"
"10288497","JB04","5020020111","2020-02-07 08:00:00","2020-02-06","1","50SLD0000242318","2020-02-06 16:02:28","SSAWD045","D20170","440"
"10288497","JB04","5020020111","2020-02-07 08:00:00","2020-02-06","1","50SLD0000242318","2020-02-06 16:02:29","SSAWD045","D20170","440"
"10288497","JB04","5020020111","2020-02-07 08:00:00","2020-02-06","1","50SLD0000242318","2020-02-06 16:02:30","SSAWD045","D20170","440"
"10288497","JB04","5020020111","2020-02-07 08:00:00","2020-02-06","1","50SLD0000242318","2020-02-06 16:02:31","SSAWD045","D20170","440"
"10288497","JB04","5020020111","2020-02-07 08:00:00","2020-02-06","1","50SLD0000242318","2020-02-06 16:02:32","SSAWD045","D20170","440"
"10288497","JB04","5020020111","2020-02-07 08:00:00","2020-02-06","1","50SLD0000242318","2020-02-06 16:02:33","SSAWD045","D20170","440"
"10288497","JB04","5020020111","2020-02-07 08:00:00","2020-02-06","1","50SLD0000242318","2020-02-06 16:02:34","SSAWD045","D20170","440"
"10288497","JB04","5020020111","2020-02-07 08:00:00","2020-02-06","1","50SLD0000242318","2020-02-06 16:02:36","SSAWD045","D20170","440"
"10288497","JB04","5020020111","2020-02-07 08:00:00","2020-02-06","1","50SLD0000242318","2020-02-06 16:02:39","SSAWD045","D20170","440"
"10288497","JB04","5020020111","2020-02-07 08:00:00","2020-02-06","1","50SLD0000242318","2020-02-06 16:02:42","SSAWD045","D20170","440"
"10288497","JB04","5020020111","2020-02-07 08:00:00","2020-02-06","1","50SLD0000242318","2020-02-06 16:02:44","SSAWD045","D20170","440"
"10288497","JB04","5020020111","2020-02-07 08:00:00","2020-02-06","1","50SLD0000242318","2020-02-06 16:02:46","SSAWD045","D20170","440"
"10288497","JB04","5020020111","2020-02-07 08:00:00","2020-02-06","1","50SLD0000242318","2020-02-06 16:02:47","SSAWD045","D20170","440"
"10288497","JB04","5020020111","2020-02-07 08:00:00","2020-02-06","1","50SLD0000242318","2020-02-06 16:02:49","SSAWD045","D20170","440"
"10288497","JB04","5020020111","2020-02-07 08:00:00","2020-02-06","1","50SLD0000242318","2020-02-06 16:02:56","SSAWD045","D20170","440"
"10288497","JB04","5020020111","2020-02-07 08:00:00","2020-02-06","1","50SLD0000242318","2020-02-06 16:02:57","SSAWD045","D20170","440"
"10288497","JB04","5020020111","2020-02-07 08:00:00","2020-02-06","1","50SLD0000242318","2020-02-06 16:02:59","SSAWD045","D20170","440"
"10288497","JB04","5020020111","2020-02-07 08:00:00","2020-02-06","1","50SLD0000242318","2020-02-06 16:03:01","SSAWD045","D20170","440"
"10288497","JB04","5020020111","2020-02-07 08:00:00","2020-02-06","1","50SLD0000242318","2020-02-06 16:03:03","SSAWD045","D20170","440"
"10288497","JB04","5020020111","2020-02-07 08:00:00","2020-02-06","1","50SLD0000242318","2020-02-06 16:03:04","SSAWD045","D20170","440"
"10288497","JA31","5020020111","2020-02-07 08:00:00","2020-02-06","1","50SLD0000242318","2020-02-06 16:03:05","SSAWD045","D20170","440"
"10288497","JB04","5020020111","2020-02-07 08:00:00","2020-02-06","1","50SLD0000242318","2020-02-06 16:03:06","SSAWD045","D20170","440"
"10288497","JB04","5020020111","2020-02-07 08:00:00","2020-02-06","1","50SLD0000242318","2020-02-06 16:03:07","SSAWD045","D20170","440"
"10288497","JB04","5020020111","2020-02-07 08:00:00","2020-02-06","1","50SLD0000242318","2020-02-06 16:03:08","SSAWD045","D20170","440"
"10288497","JB04","5020020111","2020-02-07 08:00:00","2020-02-06","1","50SLD0000242318","2020-02-06 16:03:09","SSAWD045","D20170","440"
"10288497","JB04","5020020111","2020-02-07 08:00:00","2020-02-06","1","50SLD0000242318","2020-02-06 16:03:10","SSAWD045","D20170","440"
"10288497","JB04","5020020111","2020-02-07 08:00:00","2020-02-06","1","50SLD0000242318","2020-02-06 16:03:11","SSAWD045","D20170","440"
"10288497","JB04","5020020111","2020-02-07 08:00:00","2020-02-06","1","50SLD0000242318","2020-02-06 16:03:13","SSAWD045","D20170","440"
"10288497","JB04","5020020111","2020-02-07 08:00:00","2020-02-06","1","50SLD0000242318","2020-02-06 16:03:16","SSAWD045","D20170","440"
"10288497","JB04","5020020111","2020-02-07 08:00:00","2020-02-06","1","50SLD0000242318","2020-02-06 16:03:17","SSAWD045","D20170","440"
"10288497","JB04","5020020111","2020-02-07 08:00:00","2020-02-06","1","50SLD0000242318","2020-02-06 16:03:19","SSAWD045","D20170","440"
"10288497","JB04","5020020111","2020-02-07 08:00:00","2020-02-06","1","50SLD0000242318","2020-02-06 16:03:21","SSAWD045","D20170","440"
"10288497","JB04","5020020111","2020-02-07 08:00:00","2020-02-06","1","50SLD0000242318","2020-02-06 16:03:22","SSAWD045","D20170","440"
"10288497","JB04","5020020111","2020-02-07 08:00:00","2020-02-06","1","50SLD0000242318","2020-02-06 16:03:23","SSAWD045","D20170","440"
"10288497","JB04","5020020111","2020-02-07 08:00:00","2020-02-06","1","50SLD0000242318","2020-02-06 16:03:25","SSAWD045","D20170","440"
"10288497","JB04","5020020111","2020-02-07 08:00:00","2020-02-06","1","50SLD0000242318","2020-02-06 16:03:27","SSAWD045","D20170","440"
"10288497","JB04","5020020111","2020-02-07 08:00:00","2020-02-06","1","50SLD0000242318","2020-02-06 16:03:28","SSAWD045","D20170","440"
"10288497","JB04","5020020111","2020-02-07 08:00:00","2020-02-06","1","50SLD0000242318","2020-02-06 16:03:30","SSAWD045","D20170","440"
"10288497","JB04","5020020111","2020-02-07 08:00:00","2020-02-06","1","50SLD0000242318","2020-02-06 16:03:33","SSAWD045","D20170","440"
"10288497","JB04","5020020111","2020-02-07 08:00:00","2020-02-06","1","50SLD0000242318","2020-02-06 16:03:34","SSAWD045","D20170","440"
"10288497","JB04","5020020111","2020-02-07 08:00:00","2020-02-06","1","50SLD0000242318","2020-02-06 16:03:36","SSAWD045","D20170","440"
"10288497","JB04","5020020111","2020-02-07 08:00:00","2020-02-06","1","50SLD0000242318","2020-02-06 16:03:37","SSAWD045","D20170","440"
"10288497","JB04","5020020111","2020-02-07 08:00:00","2020-02-06","1","50SLD0000242318","2020-02-06 16:03:39","SSAWD045","D20170","440"
"10288497","JB04","5020020111","2020-02-07 08:00:00","2020-02-06","1","50SLD0000242318","2020-02-06 16:03:40","SSAWD045","D20170","440"
"10288497","JB04","5020020111","2020-02-07 08:00:00","2020-02-06","1","50SLD0000242318","2020-02-06 16:03:41","SSAWD045","D20170","440"
"10288497","JB04","5020020111","2020-02-07 08:00:00","2020-02-06","1","50SLD0000242318","2020-02-06 16:03:42","SSAWD045","D20170","440"
"10288497","JB04","5020020111","2020-02-07 08:00:00","2020-02-06","1","50SLD0000242318","2020-02-06 16:03:44","SSAWD045","D20170","440"
"10288497","JB04","5020020111","2020-02-07 08:00:00","2020-02-06","1","50SLD0000242318","2020-02-06 16:03:49","SSAWD045","D20170","440"
"10288497","JA17","5020020111","2020-02-07 08:00:00","2020-02-06","1","50SLD0000242318","2020-02-06 16:03:50","SSAWD045","D20170","440"
"10288497","JB04","5020020111","2020-02-07 08:00:00","2020-02-06","1","50SLD0000242318","2020-02-06 16:03:52","SSAWD045","D20170","440"
"10288497","JB04","5020020111","2020-02-07 08:00:00","2020-02-06","1","50SLD0000242318","2020-02-06 16:03:53","SSAWD045","D20170","440"
"10288497","JB04","5020020111","2020-02-07 08:00:00","2020-02-06","1","50SLD0000242318","2020-02-06 16:03:55","SSAWD045","D20170","440"
"10288497","JB04","5020020111","2020-02-07 08:00:00","2020-02-06","1","50SLD0000242318","2020-02-06 16:03:57","SSAWD045","D20170","440"
"10288497","JB04","5020020111","2020-02-07 08:00:00","2020-02-06","1","50SLD0000242318","2020-02-06 16:03:58","SSAWD045","D20170","440"
"10288497","JA30","5020020111","2020-02-07 08:00:00","2020-02-06","1","50SLD0000242318","2020-02-06 16:04:06","SSAWD045","D20170","440"
"10288497","JA30","5020020111","2020-02-07 08:00:00","2020-02-06","1","50SLD0000242318","2020-02-06 16:04:07","SSAWD045","D20170","440"
"10288497","JA30","5020020111","2020-02-07 08:00:00","2020-02-06","1","50SLD0000242318","2020-02-06 16:04:10","SSAWD045","D20170","440"
"10288497","JB03","5020020111","2020-02-07 08:00:00","2020-02-06","1","50SLD0000242318","2020-02-06 16:04:14","SSAWD045","D20170","440"
"10288497","JB03","5020020111","2020-02-07 08:00:00","2020-02-06","1","50SLD0000242318","2020-02-06 16:04:16","SSAWD045","D20170","440"
"10288497","JB03","5020020111","2020-02-07 08:00:00","2020-02-06","1","50SLD0000242318","2020-02-06 16:04:17","SSAWD045","D20170","440"
"10288497","JB03","5020020111","2020-02-07 08:00:00","2020-02-06","1","50SLD0000242318","2020-02-06 16:04:19","SSAWD045","D20170","440"
"10288497","JB03","5020020111","2020-02-07 08:00:00","2020-02-06","1","50SLD0000242318","2020-02-06 16:04:20","SSAWD045","D20170","440"
"10288497","JB03","5020020111","2020-02-07 08:00:00","2020-02-06","1","50SLD0000242318","2020-02-06 16:04:22","SSAWD045","D20170","440"
"10288497","JA30","5020020111","2020-02-07 08:00:00","2020-02-06","1","50SLD0000242318","2020-02-06 16:04:23","SSAWD045","D20170","440"
"10288497","JB03","5020020111","2020-02-07 08:00:00","2020-02-06","1","50SLD0000242318","2020-02-06 16:04:24","SSAWD045","D20170","440"
"10288497","JB03","5020020111","2020-02-07 08:00:00","2020-02-06","1","50SLD0000242318","2020-02-06 16:04:26","SSAWD045","D20170","440"
"10288497","JA30","5020020111","2020-02-07 08:00:00","2020-02-06","1","50SLD0000242318","2020-02-06 16:04:27","SSAWD045","D20170","440"
"10288497","JA30","5020020111","2020-02-07 08:00:00","2020-02-06","1","50SLD0000242318","2020-02-06 16:04:28","SSAWD045","D20170","440"
"10288497","JA30","5020020111","2020-02-07 08:00:00","2020-02-06","1","50SLD0000242318","2020-02-06 16:04:30","SSAWD045","D20170","440"
"10288497","JB03","5020020111","2020-02-07 08:00:00","2020-02-06","1","50SLD0000242318","2020-02-06 16:04:31","SSAWD045","D20170","440"
"10288497","JB03","5020020111","2020-02-07 08:00:00","2020-02-06","1","50SLD0000242318","2020-02-06 16:04:33","SSAWD045","D20170","440"
"10288497","JA30","5020020111","2020-02-07 08:00:00","2020-02-06","1","50SLD0000242318","2020-02-06 16:04:37","SSAWD045","D20170","440"
"10288497","JA30","5020020111","2020-02-07 08:00:00","2020-02-06","1","50SLD0000242318","2020-02-06 16:04:38","SSAWD045","D20170","440"
"10288497","JA30","5020020111","2020-02-07 08:00:00","2020-02-06","1","50SLD0000242318","2020-02-06 16:04:40","SSAWD045","D20170","440"
"10288497","JA30","5020020111","2020-02-07 08:00:00","2020-02-06","1","50SLD0000242318","2020-02-06 16:04:42","SSAWD045","D20170","440"
"10288497","JA30","5020020111","2020-02-07 08:00:00","2020-02-06","1","50SLD0000242318","2020-02-06 16:04:44","SSAWD045","D20170","440"
"10288497","JA30","5020020111","2020-02-07 08:00:00","2020-02-06","1","50SLD0000242318","2020-02-06 16:04:45","SSAWD045","D20170","440"
"10288497","JB03","5020020111","2020-02-07 08:00:00","2020-02-06","1","50SLD0000242318","2020-02-06 16:04:46","SSAWD045","D20170","440"
"10288497","JA30","5020020111","2020-02-07 08:00:00","2020-02-06","1","50SLD0000242318","2020-02-06 16:04:48","SSAWD045","D20170","440"
"10288497","JA30","5020020111","2020-02-07 08:00:00","2020-02-06","1","50SLD0000242318","2020-02-06 16:04:49","SSAWD045","D20170","440"
"10288497","JA30","5020020111","2020-02-07 08:00:00","2020-02-06","1","50SLD0000242318","2020-02-06 16:04:51","SSAWD045","D20170","440"
"10288497","JA30","5020020111","2020-02-07 08:00:00","2020-02-06","1","50SLD0000242318","2020-02-06 16:04:52","SSAWD045","D20170","440"
"10288497","JA30","5020020111","2020-02-07 08:00:00","2020-02-06","1","50SLD0000242318","2020-02-06 16:04:55","SSAWD045","D20170","440"
"10288497","JA30","5020020111","2020-02-07 08:00:00","2020-02-06","1","50SLD0000242318","2020-02-06 16:04:56","SSAWD045","D20170","440"
"10288497","JA30","5020020111","2020-02-07 08:00:00","2020-02-06","1","50SLD0000242318","2020-02-06 16:04:57","SSAWD045","D20170","440"
"10288497","JA30","5020020111","2020-02-07 08:00:00","2020-02-06","1","50SLD0000242318","2020-02-06 16:04:58","SSAWD045","D20170","440"
"10288497","JA30","5020020111","2020-02-07 08:00:00","2020-02-06","1","50SLD0000242318","2020-02-06 16:05:00","SSAWD045","D20170","440"
"10288497","JA30","5020020111","2020-02-07 08:00:00","2020-02-06","1","50SLD0000242318","2020-02-06 16:05:01","SSAWD045","D20170","440"
"10288497","JA30","5020020111","2020-02-07 08:00:00","2020-02-06","1","50SLD0000242318","2020-02-06 16:05:03","SSAWD045","D20170","440"
"10288497","JA30","5020020111","2020-02-07 08:00:00","2020-02-06","1","50SLD0000242318","2020-02-06 16:05:05","SSAWD045","D20170","440"
"10288497","JA30","5020020111","2020-02-07 08:00:00","2020-02-06","1","50SLD0000242318","2020-02-06 16:05:06","SSAWD045","D20170","440"
"10288497","JA30","5020020111","2020-02-07 08:00:00","2020-02-06","1","50SLD0000242318","2020-02-06 16:05:08","SSAWD045","D20170","440"
"10288497","JA30","5020020111","2020-02-07 08:00:00","2020-02-06","1","50SLD0000242318","2020-02-06 16:05:09","SSAWD045","D20170","440"
"10288497","JA30","5020020111","2020-02-07 08:00:00","2020-02-06","1","50SLD0000242318","2020-02-06 16:05:10","SSAWD045","D20170","440"
"10288497","JB04","5020020111","2020-02-07 08:00:00","2020-02-06","1","50SLD0000242318","2020-02-06 16:05:17","SSAWD045","D20170","440"
"10288497","JB04","5020020111","2020-02-07 08:00:00","2020-02-06","1","50SLD0000242318","2020-02-06 16:05:19","SSAWD045","D20170","440"
"10288497","JB04","5020020111","2020-02-07 08:00:00","2020-02-06","1","50SLD0000242318","2020-02-06 16:05:20","SSAWD045","D20170","440"
"10288497","JB04","5020020111","2020-02-07 08:00:00","2020-02-06","1","50SLD0000242318","2020-02-06 16:05:22","SSAWD045","D20170","440"
"10288497","JB04","5020020111","2020-02-07 08:00:00","2020-02-06","1","50SLD0000242318","2020-02-06 16:05:25","SSAWD045","D20170","440"
"10288497","JB04","5020020111","2020-02-07 08:00:00","2020-02-06","1","50SLD0000242318","2020-02-06 16:05:26","SSAWD045","D20170","440"
"10288497","JB04","5020020111","2020-02-07 08:00:00","2020-02-06","1","50SLD0000242318","2020-02-06 16:05:27","SSAWD045","D20170","440"
"10288497","JB04","5020020111","2020-02-07 08:00:00","2020-02-06","1","50SLD0000242318","2020-02-06 16:05:29","SSAWD045","D20170","440"
"10288497","JB04","5020020111","2020-02-07 08:00:00","2020-02-06","1","50SLD0000242318","2020-02-06 16:05:31","SSAWD045","D20170","440"
"10288497","JB04","5020020111","2020-02-07 08:00:00","2020-02-06","1","50SLD0000242318","2020-02-06 16:05:33","SSAWD045","D20170","440"
"10288497","JB04","5020020111","2020-02-07 08:00:00","2020-02-06","1","50SLD0000242318","2020-02-06 16:05:34","SSAWD045","D20170","440"
"10288497","JB04","5020020111","2020-02-07 08:00:00","2020-02-06","1","50SLD0000242318","2020-02-06 16:05:36","SSAWD045","D20170","440"
"10288497","JB04","5020020111","2020-02-07 08:00:00","2020-02-06","1","50SLD0000242318","2020-02-06 16:05:37","SSAWD045","D20170","440"
"10288497","JB04","5020020111","2020-02-07 08:00:00","2020-02-06","1","50SLD0000242318","2020-02-06 16:05:38","SSAWD045","D20170","440"
"10288497","JB04","5020020111","2020-02-07 08:00:00","2020-02-06","1","50SLD0000242318","2020-02-06 16:05:39","SSAWD045","D20170","440"
"10288497","JB04","5020020111","2020-02-07 08:00:00","2020-02-06","1","50SLD0000242318","2020-02-06 16:05:41","SSAWD045","D20170","440"
"10288497","JB04","5020020111","2020-02-07 08:00:00","2020-02-06","1","50SLD0000242318","2020-02-06 16:05:42","SSAWD045","D20170","440"
"10288497","JB04","5020020111","2020-02-07 08:00:00","2020-02-06","1","50SLD0000242318","2020-02-06 16:05:43","SSAWD045","D20170","440"
"10288497","JB04","5020020111","2020-02-07 08:00:00","2020-02-06","1","50SLD0000242318","2020-02-06 16:05:44","SSAWD045","D20170","440"
"10288497","JB04","5020020111","2020-02-07 08:00:00","2020-02-06","1","50SLD0000242318","2020-02-06 16:05:45","SSAWD045","D20170","440"
"10288497","JB04","5020020111","2020-02-07 08:00:00","2020-02-06","1","50SLD0000242318","2020-02-06 16:05:48","SSAWD045","D20170","440"
"10288497","JB04","5020020111","2020-02-07 08:00:00","2020-02-06","1","50SLD0000242318","2020-02-06 16:05:50","SSAWD045","D20170","440"
"10288497","JB04","5020020111","2020-02-07 08:00:00","2020-02-06","1","50SLD0000242318","2020-02-06 16:05:53","SSAWD045","D20170","440"
"10288497","JB04","5020020111","2020-02-07 08:00:00","2020-02-06","1","50SLD0000242318","2020-02-06 16:05:54","SSAWD045","D20170","440"
"10288497","JB04","5020020111","2020-02-07 08:00:00","2020-02-06","1","50SLD0000242318","2020-02-06 16:05:56","SSAWD045","D20170","440"
"10288497","JB04","5020020111","2020-02-07 08:00:00","2020-02-06","1","50SLD0000242318","2020-02-06 16:05:57","SSAWD045","D20170","440"
"10288497","JB04","5020020111","2020-02-07 08:00:00","2020-02-06","1","50SLD0000242318","2020-02-06 16:05:58","SSAWD045","D20170","440"
"10288497","JB04","5020020111","2020-02-07 08:00:00","2020-02-06","1","50SLD0000242318","2020-02-06 16:06:01","SSAWD045","D20170","440"
"10288497","JB04","5020020111","2020-02-07 08:00:00","2020-02-06","1","50SLD0000242318","2020-02-06 16:06:03","SSAWD045","D20170","440"
"10288497","JB04","5020020111","2020-02-07 08:00:00","2020-02-06","1","50SLD0000242318","2020-02-06 16:06:04","SSAWD045","D20170","440"
"10288497","JB04","5020020111","2020-02-07 08:00:00","2020-02-06","1","50SLD0000242318","2020-02-06 16:06:06","SSAWD045","D20170","440"
"10288497","JB04","5020020111","2020-02-07 08:00:00","2020-02-06","1","50SLD0000242318","2020-02-06 16:06:08","SSAWD045","D20170","440"
"10288497","JB04","5020020111","2020-02-07 08:00:00","2020-02-06","1","50SLD0000242318","2020-02-06 16:06:09","SSAWD045","D20170","440"
"10288497","JB04","5020020111","2020-02-07 08:00:00","2020-02-06","1","50SLD0000242318","2020-02-06 16:06:11","SSAWD045","D20170","440"
"10288497","JB04","5020020111","2020-02-07 08:00:00","2020-02-06","1","50SLD0000242318","2020-02-06 16:06:13","SSAWD045","D20170","440"
"10288497","JB04","5020020111","2020-02-07 08:00:00","2020-02-06","1","50SLD0000242318","2020-02-06 16:06:14","SSAWD045","D20170","440"
"10288497","JB04","5020020111","2020-02-07 08:00:00","2020-02-06","1","50SLD0000242318","2020-02-06 16:06:17","SSAWD045","D20170","440"
"10288497","JB04","5020020111","2020-02-07 08:00:00","2020-02-06","1","50SLD0000242318","2020-02-06 16:06:19","SSAWD045","D20170","440"
"10288497","JB04","5020020111","2020-02-07 08:00:00","2020-02-06","1","50SLD0000242318","2020-02-06 16:06:20","SSAWD045","D20170","440"
"10288497","JB04","5020020111","2020-02-07 08:00:00","2020-02-06","1","50SLD0000242318","2020-02-06 16:06:24","SSAWD045","D20170","440"
"10288497","JB04","5020020111","2020-02-07 08:00:00","2020-02-06","1","50SLD0000242318","2020-02-06 16:06:29","SSAWD045","D20170","440"
"10288497","JB04","5020020111","2020-02-07 08:00:00","2020-02-06","1","50SLD0000242318","2020-02-06 16:06:30","SSAWD045","D20170","440"
"10288497","JB04","5020020111","2020-02-07 08:00:00","2020-02-06","1","50SLD0000242318","2020-02-06 16:06:32","SSAWD045","D20170","440"
"10288497","JB04","5020020111","2020-02-07 08:00:00","2020-02-06","1","50SLD0000242318","2020-02-06 16:06:33","SSAWD045","D20170","440"
"10288497","JB04","5020020111","2020-02-07 08:00:00","2020-02-06","1","50SLD0000242318","2020-02-06 16:06:36","SSAWD045","D20170","440"
"10288497","JB04","5020020111","2020-02-07 08:00:00","2020-02-06","1","50SLD0000242318","2020-02-06 16:06:37","SSAWD045","D20170","440"
"10288497","JB04","5020020111","2020-02-07 08:00:00","2020-02-06","1","50SLD0000242318","2020-02-06 16:06:39","SSAWD045","D20170","440"
"10288497","JB04","5020020111","2020-02-07 08:00:00","2020-02-06","1","50SLD0000242318","2020-02-06 16:06:41","SSAWD045","D20170","440"
"10288497","JB04","5020020111","2020-02-07 08:00:00","2020-02-06","1","50SLD0000242318","2020-02-06 16:06:43","SSAWD045","D20170","440"
"10288497","JB04","5020020111","2020-02-07 08:00:00","2020-02-06","1","50SLD0000242318","2020-02-06 16:06:44","SSAWD045","D20170","440"
"10288497","JB04","5020020111","2020-02-07 08:00:00","2020-02-06","1","50SLD0000242318","2020-02-06 16:06:47","SSAWD045","D20170","440"
"10288497","JB04","5020020111","2020-02-07 08:00:00","2020-02-06","1","50SLD0000242318","2020-02-06 16:06:48","SSAWD045","D20170","440"
"10288497","JB03","5020020111","2020-02-07 08:00:00","2020-02-06","1","50SLD0000242318","2020-02-06 16:06:49","SSAWD045","D20170","440"
"10288497","JB03","5020020111","2020-02-07 08:00:00","2020-02-06","1","50SLD0000242318","2020-02-06 16:06:50","SSAWD045","D20170","440"
"10288497","JB03","5020020111","2020-02-07 08:00:00","2020-02-06","1","50SLD0000242318","2020-02-06 16:06:51","SSAWD045","D20170","440"
"10288497","JB03","5020020111","2020-02-07 08:00:00","2020-02-06","1","50SLD0000242318","2020-02-06 16:06:53","SSAWD045","D20170","440"
"10288497","JB03","5020020111","2020-02-07 08:00:00","2020-02-06","1","50SLD0000242318","2020-02-06 16:06:54","SSAWD045","D20170","440"
"10288497","JB03","5020020111","2020-02-07 08:00:00","2020-02-06","1","50SLD0000242318","2020-02-06 16:06:57","SSAWD045","D20170","440"
"10288497","JB03","5020020111","2020-02-07 08:00:00","2020-02-06","1","50SLD0000242318","2020-02-06 16:06:58","SSAWD045","D20170","440"
"10288497","JB03","5020020111","2020-02-07 08:00:00","2020-02-06","1","50SLD0000242318","2020-02-06 16:07:00","SSAWD045","D20170","440"
"10288497","JB04","5020020111","2020-02-07 08:00:00","2020-02-06","1","50SLD0000242318","2020-02-06 16:07:02","SSAWD045","D20170","440"
"10288497","JB04","5020020111","2020-02-07 08:00:00","2020-02-06","1","50SLD0000242318","2020-02-06 16:07:04","SSAWD045","D20170","440"
"10288497","JB04","5020020111","2020-02-07 08:00:00","2020-02-06","1","50SLD0000242318","2020-02-06 16:07:06","SSAWD045","D20170","440"
"10288497","JB04","5020020111","2020-02-07 08:00:00","2020-02-06","1","50SLD0000242318","2020-02-06 16:07:07","SSAWD045","D20170","440"
"10288497","JB04","5020020111","2020-02-07 08:00:00","2020-02-06","1","50SLD0000242318","2020-02-06 16:07:09","SSAWD045","D20170","440"
"10288497","JB04","5020020111","2020-02-07 08:00:00","2020-02-06","1","50SLD0000242318","2020-02-06 16:07:11","SSAWD045","D20170","440"
"10288497","JB04","5020020111","2020-02-07 08:00:00","2020-02-06","1","50SLD0000242318","2020-02-06 16:07:12","SSAWD045","D20170","440"
"10288497","JB04","5020020111","2020-02-07 08:00:00","2020-02-06","1","50SLD0000242318","2020-02-06 16:07:13","SSAWD045","D20170","440"
"10288497","JB04","5020020111","2020-02-07 08:00:00","2020-02-06","1","50SLD0000242318","2020-02-06 16:07:15","SSAWD045","D20170","440"
"10288497","JB04","5020020111","2020-02-07 08:00:00","2020-02-06","1","50SLD0000242318","2020-02-06 16:07:16","SSAWD045","D20170","440"
"10288497","JB04","5020020111","2020-02-07 08:00:00","2020-02-06","1","50SLD0000242318","2020-02-06 16:07:19","SSAWD045","D20170","440"
"10288497","JB04","5020020111","2020-02-07 08:00:00","2020-02-06","1","50SLD0000242318","2020-02-06 16:07:20","SSAWD045","D20170","440"
"10288497","JB04","5020020111","2020-02-07 08:00:00","2020-02-06","1","50SLD0000242318","2020-02-06 16:07:22","SSAWD045","D20170","440"
"10288497","JB04","5020020111","2020-02-07 08:00:00","2020-02-06","1","50SLD0000242318","2020-02-06 16:07:23","SSAWD045","D20170","440"
"10288497","JB04","5020020111","2020-02-07 08:00:00","2020-02-06","1","50SLD0000242318","2020-02-06 16:07:24","SSAWD045","D20170","440"
"10288497","JB04","5020020111","2020-02-07 08:00:00","2020-02-06","1","50SLD0000242318","2020-02-06 16:07:25","SSAWD045","D20170","440"
"10288497","JB04","5020020111","2020-02-07 08:00:00","2020-02-06","1","50SLD0000242318","2020-02-06 16:07:26","SSAWD045","D20170","440"
"10288497","JB04","5020020111","2020-02-07 08:00:00","2020-02-06","1","50SLD0000242318","2020-02-06 16:07:27","SSAWD045","D20170","440"
"10288497","JB04","5020020111","2020-02-07 08:00:00","2020-02-06","1","50SLD0000242318","2020-02-06 16:07:28","SSAWD045","D20170","440"
"10288497","JB04","5020020111","2020-02-07 08:00:00","2020-02-06","1","50SLD0000242318","2020-02-06 16:07:29","SSAWD045","D20170","440"
"10288497","JB04","5020020111","2020-02-07 08:00:00","2020-02-06","1","50SLD0000242318","2020-02-06 16:07:56","SSAWD045","D20170","440"
"10288497","JB04","5020020111","2020-02-07 08:00:00","2020-02-06","1","50SLD0000242318","2020-02-06 16:07:57","SSAWD045","D20170","440"
"10288497","JB04","5020020111","2020-02-07 08:00:00","2020-02-06","1","50SLD0000242318","2020-02-06 16:07:58","SSAWD045","D20170","440"
"10288497","JB04","5020020111","2020-02-07 08:00:00","2020-02-06","1","50SLD0000242318","2020-02-06 16:08:00","SSAWD045","D20170","440"
"10288497","JB04","5020020111","2020-02-07 08:00:00","2020-02-06","1","50SLD0000242318","2020-02-06 16:08:01","SSAWD045","D20170","440"
"10288497","JB04","5020020111","2020-02-07 08:00:00","2020-02-06","1","50SLD0000242318","2020-02-06 16:08:03","SSAWD045","D20170","440"
"10288497","JB04","5020020111","2020-02-07 08:00:00","2020-02-06","1","50SLD0000242318","2020-02-06 16:08:04","SSAWD045","D20170","440"
"10288497","JB04","5020020111","2020-02-07 08:00:00","2020-02-06","1","50SLD0000242318","2020-02-06 16:08:05","SSAWD045","D20170","440"
"10288497","JB04","5020020111","2020-02-07 08:00:00","2020-02-06","1","50SLD0000242318","2020-02-06 16:08:06","SSAWD045","D20170","440"
"10288497","JB04","5020020111","2020-02-07 08:00:00","2020-02-06","1","50SLD0000242318","2020-02-06 16:08:07","SSAWD045","D20170","440"
"10288497","JB04","5020020111","2020-02-07 08:00:00","2020-02-06","1","50SLD0000242318","2020-02-06 16:08:09","SSAWD045","D20170","440"
"10288497","JB04","5020020111","2020-02-07 08:00:00","2020-02-06","1","50SLD0000242318","2020-02-06 16:08:10","SSAWD045","D20170","440"
"10288497","JB04","5020020111","2020-02-07 08:00:00","2020-02-06","1","50SLD0000242318","2020-02-06 16:08:13","SSAWD045","D20170","440"
"10288497","JB04","5020020111","2020-02-07 08:00:00","2020-02-06","1","50SLD0000242318","2020-02-06 16:08:14","SSAWD045","D20170","440"
"10288497","JB04","5020020111","2020-02-07 08:00:00","2020-02-06","1","50SLD0000242318","2020-02-06 16:08:16","SSAWD045","D20170","440"
"10288497","JB04","5020020111","2020-02-07 08:00:00","2020-02-06","1","50SLD0000242318","2020-02-06 16:08:20","SSAWD045","D20170","440"
"10288497","JB04","5020020111","2020-02-07 08:00:00","2020-02-06","1","50SLD0000242318","2020-02-06 16:08:22","SSAWD045","D20170","440"
"10288497","JB04","5020020111","2020-02-07 08:00:00","2020-02-06","1","50SLD0000242318","2020-02-06 16:08:24","SSAWD045","D20170","440"
"10288497","JB04","5020020111","2020-02-07 08:00:00","2020-02-06","1","50SLD0000242318","2020-02-06 16:08:25","SSAWD045","D20170","440"
"10288497","JB04","5020020111","2020-02-07 08:00:00","2020-02-06","1","50SLD0000242318","2020-02-06 16:08:26","SSAWD045","D20170","440"
"10288497","JB04","5020020111","2020-02-07 08:00:00","2020-02-06","1","50SLD0000242318","2020-02-06 16:08:31","SSAWD045","D20170","440"
"10288497","JB04","5020020111","2020-02-07 08:00:00","2020-02-06","1","50SLD0000242318","2020-02-06 16:08:32","SSAWD045","D20170","440"
"10288497","JB04","5020020111","2020-02-07 08:00:00","2020-02-06","1","50SLD0000242318","2020-02-06 16:08:33","SSAWD045","D20170","440"
"10288497","JB04","5020020111","2020-02-07 08:00:00","2020-02-06","1","50SLD0000242318","2020-02-06 16:08:35","SSAWD045","D20170","440"
"10288497","JB04","5020020111","2020-02-07 08:00:00","2020-02-06","1","50SLD0000242318","2020-02-06 16:08:36","SSAWD045","D20170","440"
"10288497","JB04","5020020111","2020-02-07 08:00:00","2020-02-06","1","50SLD0000242318","2020-02-06 16:08:37","SSAWD045","D20170","440"
"10288497","JB04","5020020111","2020-02-07 08:00:00","2020-02-06","1","50SLD0000242318","2020-02-06 16:08:39","SSAWD045","D20170","440"
"10288497","JB04","5020020111","2020-02-07 08:00:00","2020-02-06","1","50SLD0000242318","2020-02-06 16:08:40","SSAWD045","D20170","440"
"10288497","JB04","5020020111","2020-02-07 08:00:00","2020-02-06","1","50SLD0000242318","2020-02-06 16:08:43","SSAWD045","D20170","440"
"10288497","JB04","5020020111","2020-02-07 08:00:00","2020-02-06","1","50SLD0000242318","2020-02-06 16:08:44","SSAWD045","D20170","440"
"10288497","JB04","5020020111","2020-02-07 08:00:00","2020-02-06","1","50SLD0000242318","2020-02-06 16:08:45","SSAWD045","D20170","440"
"10288497","JB04","5020020111","2020-02-07 08:00:00","2020-02-06","1","50SLD0000242318","2020-02-06 16:08:46","SSAWD045","D20170","440"
"10288497","JB04","5020020111","2020-02-07 08:00:00","2020-02-06","1","50SLD0000242318","2020-02-06 16:08:48","SSAWD045","D20170","440"
"10288497","JB04","5020020111","2020-02-07 08:00:00","2020-02-06","1","50SLD0000242318","2020-02-06 16:08:50","SSAWD045","D20170","440"
"10288497","JB04","5020020111","2020-02-07 08:00:00","2020-02-06","1","50SLD0000242318","2020-02-06 16:08:55","SSAWD045","D20170","440"
"10288497","JB04","5020020111","2020-02-07 08:00:00","2020-02-06","1","50SLD0000242318","2020-02-06 16:08:56","SSAWD045","D20170","440"
"10288497","JB04","5020020111","2020-02-07 08:00:00","2020-02-06","1","50SLD0000242318","2020-02-06 16:08:59","SSAWD045","D20170","440"
"10288497","JB04","5020020111","2020-02-07 08:00:00","2020-02-06","1","50SLD0000242318","2020-02-06 16:09:00","SSAWD045","D20170","440"
"10288497","JB04","5020020111","2020-02-07 08:00:00","2020-02-06","1","50SLD0000242318","2020-02-06 16:09:02","SSAWD045","D20170","440"
"10288497","JB04","5020020111","2020-02-07 08:00:00","2020-02-06","1","50SLD0000242318","2020-02-06 16:09:03","SSAWD045","D20170","440"
"10288497","JB03","5020020111","2020-02-07 08:00:00","2020-02-06","1","50SLD0000242318","2020-02-06 16:09:11","SSAWD045","D20170","440"
"10288497","JB03","5020020111","2020-02-07 08:00:00","2020-02-06","1","50SLD0000242318","2020-02-06 16:09:13","SSAWD045","D20170","440"
"10288497","JB03","5020020111","2020-02-07 08:00:00","2020-02-06","1","50SLD0000242318","2020-02-06 16:09:15","SSAWD045","D20170","440"
"10288497","JB03","5020020111","2020-02-07 08:00:00","2020-02-06","1","50SLD0000242318","2020-02-06 16:09:16","SSAWD045","D20170","440"
"10288497","JB03","5020020111","2020-02-07 08:00:00","2020-02-06","1","50SLD0000242318","2020-02-06 16:09:20","SSAWD045","D20170","440"
"10288497","JB03","5020020111","2020-02-07 08:00:00","2020-02-06","1","50SLD0000242318","2020-02-06 16:09:21","SSAWD045","D20170","440"
"10288497","JB03","5020020111","2020-02-07 08:00:00","2020-02-06","1","50SLD0000242318","2020-02-06 16:09:22","SSAWD045","D20170","440"
"10288497","JB03","5020020111","2020-02-07 08:00:00","2020-02-06","1","50SLD0000242318","2020-02-06 16:09:24","SSAWD045","D20170","440"
"10288497","JB03","5020020111","2020-02-07 08:00:00","2020-02-06","1","50SLD0000242318","2020-02-06 16:09:26","SSAWD045","D20170","440"
"10288497","JB03","5020020111","2020-02-07 08:00:00","2020-02-06","1","50SLD0000242318","2020-02-06 16:09:30","SSAWD045","D20170","440"
"10288497","JB03","5020020111","2020-02-07 08:00:00","2020-02-06","1","50SLD0000242318","2020-02-06 16:09:32","SSAWD045","D20170","440"
"10288497","JB03","5020020111","2020-02-07 08:00:00","2020-02-06","1","50SLD0000242318","2020-02-06 16:09:33","SSAWD045","D20170","440"
"10288497","JB03","5020020111","2020-02-07 08:00:00","2020-02-06","1","50SLD0000242318","2020-02-06 16:09:34","SSAWD045","D20170","440"
"10288497","JB03","5020020111","2020-02-07 08:00:00","2020-02-06","1","50SLD0000242318","2020-02-06 16:09:35","SSAWD045","D20170","440"
"10288497","JB03","5020020111","2020-02-07 08:00:00","2020-02-06","1","50SLD0000242318","2020-02-06 16:09:36","SSAWD045","D20170","440"
"10288497","JB03","5020020111","2020-02-07 08:00:00","2020-02-06","1","50SLD0000242318","2020-02-06 16:09:38","SSAWD045","D20170","440"
"10288497","JB03","5020020111","2020-02-07 08:00:00","2020-02-06","1","50SLD0000242318","2020-02-06 16:09:41","SSAWD045","D20170","440"
"10288497","JB03","5020020111","2020-02-07 08:00:00","2020-02-06","1","50SLD0000242318","2020-02-06 16:09:42","SSAWD045","D20170","440"
"10288497","JB03","5020020111","2020-02-07 08:00:00","2020-02-06","1","50SLD0000242318","2020-02-06 16:09:43","SSAWD045","D20170","440"
"10288497","JB03","5020020111","2020-02-07 08:00:00","2020-02-06","1","50SLD0000242318","2020-02-06 16:09:46","SSAWD045","D20170","440"
"10288497","JB03","5020020111","2020-02-07 08:00:00","2020-02-06","1","50SLD0000242318","2020-02-06 16:09:51","SSAWD045","D20170","440"
"10288497","JB03","5020020111","2020-02-07 08:00:00","2020-02-06","1","50SLD0000242318","2020-02-06 16:09:52","SSAWD045","D20170","440"
"10288497","JB03","5020020111","2020-02-07 08:00:00","2020-02-06","1","50SLD0000242318","2020-02-06 16:09:53","SSAWD045","D20170","440"
"10288497","JB03","5020020111","2020-02-07 08:00:00","2020-02-06","1","50SLD0000242318","2020-02-06 16:09:55","SSAWD045","D20170","440"
"10288497","JB03","5020020111","2020-02-07 08:00:00","2020-02-06","1","50SLD0000242318","2020-02-06 16:09:58","SSAWD045","D20170","440"
"10288497","JB03","5020020111","2020-02-07 08:00:00","2020-02-06","1","50SLD0000242318","2020-02-06 16:09:59","SSAWD045","D20170","440"
"10288497","JB03","5020020111","2020-02-07 08:00:00","2020-02-06","1","50SLD0000242318","2020-02-06 16:10:00","SSAWD045","D20170","440"
"10288497","JB03","5020020111","2020-02-07 08:00:00","2020-02-06","1","50SLD0000242318","2020-02-06 16:10:02","SSAWD045","D20170","440"
"10288497","JB03","5020020111","2020-02-07 08:00:00","2020-02-06","1","50SLD0000242318","2020-02-06 16:10:03","SSAWD045","D20170","440"
"10288497","JB03","5020020111","2020-02-07 08:00:00","2020-02-06","1","50SLD0000242318","2020-02-06 16:10:05","SSAWD045","D20170","440"
"10288497","JB03","5020020111","2020-02-07 08:00:00","2020-02-06","1","50SLD0000242318","2020-02-06 16:10:06","SSAWD045","D20170","440"
"10288497","JB03","5020020111","2020-02-07 08:00:00","2020-02-06","1","50SLD0000242318","2020-02-06 16:10:07","SSAWD045","D20170","440"
"10288497","JB03","5020020111","2020-02-07 08:00:00","2020-02-06","1","50SLD0000242318","2020-02-06 16:10:08","SSAWD045","D20170","440"
"10288497","JB03","5020020111","2020-02-07 08:00:00","2020-02-06","1","50SLD0000242318","2020-02-06 16:10:09","SSAWD045","D20170","440"
"10288497","JB03","5020020111","2020-02-07 08:00:00","2020-02-06","1","50SLD0000242318","2020-02-06 16:10:11","SSAWD045","D20170","440"
"10288497","JB03","5020020111","2020-02-07 08:00:00","2020-02-06","1","50SLD0000242318","2020-02-06 16:10:13","SSAWD045","D20170","440"
"10288497","JA31","5020020111","2020-02-07 08:00:00","2020-02-06","1","50SLD0000242318","2020-02-06 16:10:15","SSAWD045","D20170","440"
"10288497","JA31","5020020111","2020-02-07 08:00:00","2020-02-06","1","50SLD0000242318","2020-02-06 16:10:19","SSAWD045","D20170","440"
"10288497","JB03","5020020111","2020-02-07 08:00:00","2020-02-06","1","50SLD0000242318","2020-02-06 16:10:20","SSAWD045","D20170","440"
"10288497","JB03","5020020111","2020-02-07 08:00:00","2020-02-06","1","50SLD0000242318","2020-02-06 16:10:22","SSAWD045","D20170","440"
"10288497","JB03","5020020111","2020-02-07 08:00:00","2020-02-06","1","50SLD0000242318","2020-02-06 16:10:41","SSAWD045","D20170","440"
"10288497","JB03","5020020111","2020-02-07 08:00:00","2020-02-06","1","50SLD0000242318","2020-02-06 16:10:42","SSAWD045","D20170","440"
"10288497","JB03","5020020111","2020-02-07 08:00:00","2020-02-06","1","50SLD0000242318","2020-02-06 16:10:44","SSAWD045","D20170","440"
"10288497","JA31","5020020111","2020-02-07 08:00:00","2020-02-06","1","50SLD0000242318","2020-02-06 16:10:45","SSAWD045","D20170","440"
"10288497","JB03","5020020111","2020-02-07 08:00:00","2020-02-06","1","50SLD0000242318","2020-02-06 16:10:48","SSAWD045","D20170","440"
"10288497","JB03","5020020111","2020-02-07 08:00:00","2020-02-06","1","50SLD0000242318","2020-02-06 16:10:49","SSAWD045","D20170","440"
"10288497","JB03","5020020111","2020-02-07 08:00:00","2020-02-06","1","50SLD0000242318","2020-02-06 16:10:51","SSAWD045","D20170","440"
"10288497","JB03","5020020111","2020-02-07 08:00:00","2020-02-06","1","50SLD0000242318","2020-02-06 16:10:52","SSAWD045","D20170","440"
"10288497","JB03","5020020111","2020-02-07 08:00:00","2020-02-06","1","50SLD0000242318","2020-02-06 16:10:54","SSAWD045","D20170","440"
"10288497","JB03","5020020111","2020-02-07 08:00:00","2020-02-06","1","50SLD0000242318","2020-02-06 16:10:55","SSAWD045","D20170","440"
"10288497","JB03","5020020111","2020-02-07 08:00:00","2020-02-06","1","50SLD0000242318","2020-02-06 16:10:56","SSAWD045","D20170","440"
"10288497","JB03","5020020111","2020-02-07 08:00:00","2020-02-06","1","50SLD0000242318","2020-02-06 16:10:58","SSAWD045","D20170","440"
"10288497","JB03","5020020111","2020-02-07 08:00:00","2020-02-06","1","50SLD0000242318","2020-02-06 16:11:00","SSAWD045","D20170","440"
"10288497","JB03","5020020111","2020-02-07 08:00:00","2020-02-06","1","50SLD0000242318","2020-02-06 16:11:02","SSAWD045","D20170","440"
"10288497","JB03","5020020111","2020-02-07 08:00:00","2020-02-06","1","50SLD0000242318","2020-02-06 16:11:03","SSAWD045","D20170","440"
"10288497","JB03","5020020111","2020-02-07 08:00:00","2020-02-06","1","50SLD0000242318","2020-02-06 16:11:06","SSAWD045","D20170","440"
"10288497","JB03","5020020111","2020-02-07 08:00:00","2020-02-06","1","50SLD0000242318","2020-02-06 16:11:07","SSAWD045","D20170","440"
"10288497","JB03","5020020111","2020-02-07 08:00:00","2020-02-06","1","50SLD0000242318","2020-02-06 16:11:09","SSAWD045","D20170","440"
"10288497","JB03","5020020111","2020-02-07 08:00:00","2020-02-06","1","50SLD0000242318","2020-02-06 16:11:10","SSAWD045","D20170","440"
"10288497","JB03","5020020111","2020-02-07 08:00:00","2020-02-06","1","50SLD0000242318","2020-02-06 16:11:11","SSAWD045","D20170","440"
"10288497","JB03","5020020111","2020-02-07 08:00:00","2020-02-06","1","50SLD0000242318","2020-02-06 16:11:14","SSAWD045","D20170","440"
"10288497","JB03","5020020111","2020-02-07 08:00:00","2020-02-06","1","50SLD0000242318","2020-02-06 16:11:15","SSAWD045","D20170","440"
"10288497","JB03","5020020111","2020-02-07 08:00:00","2020-02-06","1","50SLD0000242318","2020-02-06 16:11:17","SSAWD045","D20170","440"
"10288497","JB03","5020020111","2020-02-07 08:00:00","2020-02-06","1","50SLD0000242318","2020-02-06 16:11:18","SSAWD045","D20170","440"
"10288497","JB03","5020020111","2020-02-07 08:00:00","2020-02-06","1","50SLD0000242318","2020-02-06 16:11:21","SSAWD045","D20170","440"
"10288497","JA30","5020020111","2020-02-07 08:00:00","2020-02-06","1","50SLD0000242318","2020-02-06 16:11:23","SSAWD045","D20170","440"
"10288497","JB03","5020020111","2020-02-07 08:00:00","2020-02-06","1","50SLD0000242318","2020-02-06 16:11:25","SSAWD045","D20170","440"
"10288497","JB03","5020020111","2020-02-07 08:00:00","2020-02-06","1","50SLD0000242318","2020-02-06 16:11:26","SSAWD045","D20170","440"
"10288497","JB03","5020020111","2020-02-07 08:00:00","2020-02-06","1","50SLD0000242318","2020-02-06 16:11:27","SSAWD045","D20170","440"
"10288497","JA31","5020020111","2020-02-07 08:00:00","2020-02-06","1","50SLD0000242318","2020-02-06 16:11:28","SSAWD045","D20170","440"
"10288497","JB03","5020020111","2020-02-07 08:00:00","2020-02-06","1","50SLD0000242318","2020-02-06 16:11:31","SSAWD045","D20170","440"
"10288497","JB03","5020020111","2020-02-07 08:00:00","2020-02-06","1","50SLD0000242318","2020-02-06 16:11:33","SSAWD045","D20170","440"
"10288497","JB03","5020020111","2020-02-07 08:00:00","2020-02-06","1","50SLD0000242318","2020-02-06 16:11:34","SSAWD045","D20170","440"
"10288497","JB03","5020020111","2020-02-07 08:00:00","2020-02-06","1","50SLD0000242318","2020-02-06 16:11:35","SSAWD045","D20170","440"
"10288497","JB03","5020020111","2020-02-07 08:00:00","2020-02-06","1","50SLD0000242318","2020-02-06 16:11:36","SSAWD045","D20170","440"
"10288497","JB03","5020020111","2020-02-07 08:00:00","2020-02-06","1","50SLD0000242318","2020-02-06 16:11:37","SSAWD045","D20170","440"
"10288497","JB03","5020020111","2020-02-07 08:00:00","2020-02-06","1","50SLD0000242318","2020-02-06 16:11:39","SSAWD045","D20170","440"
"10288497","JA31","5020020111","2020-02-07 08:00:00","2020-02-06","1","50SLD0000242318","2020-02-06 16:11:42","SSAWD045","D20170","440"
"10288497","JB03","5020020111","2020-02-07 08:00:00","2020-02-06","1","50SLD0000242318","2020-02-06 16:11:43","SSAWD045","D20170","440"
"10288497","JB03","5020020111","2020-02-07 08:00:00","2020-02-06","1","50SLD0000242318","2020-02-06 16:11:45","SSAWD045","D20170","440"
"10288497","JA31","5020020111","2020-02-07 08:00:00","2020-02-06","1","50SLD0000242318","2020-02-06 16:11:50","SSAWD045","D20170","440"
"10288497","JA31","5020020111","2020-02-07 08:00:00","2020-02-06","1","50SLD0000242318","2020-02-06 16:11:51","SSAWD045","D20170","440"
"10288497","JA31","5020020111","2020-02-07 08:00:00","2020-02-06","1","50SLD0000242318","2020-02-06 16:11:52","SSAWD045","D20170","440"
"10288497","JA31","5020020111","2020-02-07 08:00:00","2020-02-06","1","50SLD0000242318","2020-02-06 16:11:53","SSAWD045","D20170","440"
"10288497","JB03","5020020111","2020-02-07 08:00:00","2020-02-06","1","50SLD0000242318","2020-02-06 16:11:56","SSAWD045","D20170","440"
"10288497","JB03","5020020111","2020-02-07 08:00:00","2020-02-06","1","50SLD0000242318","2020-02-06 16:11:57","SSAWD045","D20170","440"
"10288497","JB03","5020020111","2020-02-07 08:00:00","2020-02-06","1","50SLD0000242318","2020-02-06 16:11:58","SSAWD045","D20170","440"
"10288497","JB03","5020020111","2020-02-07 08:00:00","2020-02-06","1","50SLD0000242318","2020-02-06 16:12:00","SSAWD045","D20170","440"
"10288497","JB03","5020020111","2020-02-07 08:00:00","2020-02-06","1","50SLD0000242318","2020-02-06 16:12:02","SSAWD045","D20170","440"
"10288497","JB03","5020020111","2020-02-07 08:00:00","2020-02-06","1","50SLD0000242318","2020-02-06 16:12:04","SSAWD045","D20170","440"
"10288497","JB03","5020020111","2020-02-07 08:00:00","2020-02-06","1","50SLD0000242318","2020-02-06 16:12:05","SSAWD045","D20170","440"
"10288497","JB03","5020020111","2020-02-07 08:00:00","2020-02-06","1","50SLD0000242318","2020-02-06 16:12:06","SSAWD045","D20170","440"
"10288497","JB03","5020020111","2020-02-07 08:00:00","2020-02-06","1","50SLD0000242318","2020-02-06 16:12:07","SSAWD045","D20170","440"
"10288497","JB03","5020020111","2020-02-07 08:00:00","2020-02-06","1","50SLD0000242318","2020-02-06 16:12:08","SSAWD045","D20170","440"
"10288497","JB03","5020020111","2020-02-07 08:00:00","2020-02-06","1","50SLD0000242318","2020-02-06 16:12:09","SSAWD045","D20170","440"
"10288497","JB03","5020020111","2020-02-07 08:00:00","2020-02-06","1","50SLD0000242318","2020-02-06 16:12:12","SSAWD045","D20170","440"
"10288497","JB03","5020020111","2020-02-07 08:00:00","2020-02-06","1","50SLD0000242318","2020-02-06 16:12:14","SSAWD045","D20170","440"
"10288497","JB03","5020020111","2020-02-07 08:00:00","2020-02-06","1","50SLD0000242318","2020-02-06 16:12:15","SSAWD045","D20170","440"
"10288497","JB03","5020020111","2020-02-07 08:00:00","2020-02-06","1","50SLD0000242318","2020-02-06 16:12:17","SSAWD045","D20170","440"
"10288497","JB03","5020020111","2020-02-07 08:00:00","2020-02-06","1","50SLD0000242318","2020-02-06 16:12:18","SSAWD045","D20170","440"
"10288497","JB03","5020020111","2020-02-07 08:00:00","2020-02-06","1","50SLD0000242318","2020-02-06 16:12:21","SSAWD045","D20170","440"
"10288497","JB03","5020020111","2020-02-07 08:00:00","2020-02-06","1","50SLD0000242318","2020-02-06 16:12:22","SSAWD045","D20170","440"
"10288497","JB03","5020020111","2020-02-07 08:00:00","2020-02-06","1","50SLD0000242318","2020-02-06 16:12:23","SSAWD045","D20170","440"
"10288497","JB03","5020020111","2020-02-07 08:00:00","2020-02-06","1","50SLD0000242318","2020-02-06 16:12:24","SSAWD045","D20170","440"
"10288497","JB03","5020020111","2020-02-07 08:00:00","2020-02-06","1","50SLD0000242318","2020-02-06 16:12:28","SSAWD045","D20170","440"
"10288497","JB03","5020020111","2020-02-07 08:00:00","2020-02-06","1","50SLD0000242318","2020-02-06 16:12:31","SSAWD045","D20170","440"
"10288497","JB03","5020020111","2020-02-07 08:00:00","2020-02-06","1","50SLD0000242318","2020-02-06 16:12:32","SSAWD045","D20170","440"
"10288497","JB03","5020020111","2020-02-07 08:00:00","2020-02-06","1","50SLD0000242318","2020-02-06 16:12:35","SSAWD045","D20170","440"
"10288497","JB03","5020020111","2020-02-07 08:00:00","2020-02-06","1","50SLD0000242318","2020-02-06 16:12:37","SSAWD045","D20170","440"
"10288497","JB03","5020020111","2020-02-07 08:00:00","2020-02-06","1","50SLD0000242318","2020-02-06 16:12:38","SSAWD045","D20170","440"
"10288497","JB03","5020020111","2020-02-07 08:00:00","2020-02-06","1","50SLD0000242318","2020-02-06 16:12:40","SSAWD045","D20170","440"
"10288497","JB03","5020020111","2020-02-07 08:00:00","2020-02-06","1","50SLD0000242318","2020-02-06 16:12:41","SSAWD045","D20170","440"
"10288497","JA31","5020020111","2020-02-07 08:00:00","2020-02-06","1","50SLD0000242318","2020-02-06 16:12:44","SSAWD045","D20170","440"
"10288497","JA31","5020020111","2020-02-07 08:00:00","2020-02-06","1","50SLD0000242318","2020-02-06 16:12:46","SSAWD045","D20170","440"
"10288497","JA31","5020020111","2020-02-07 08:00:00","2020-02-06","1","50SLD0000242318","2020-02-06 16:12:48","SSAWD045","D20170","440"
"10288497","JA31","5020020111","2020-02-07 08:00:00","2020-02-06","1","50SLD0000242318","2020-02-06 16:12:49","SSAWD045","D20170","440"
"10288497","JB03","5020020111","2020-02-07 08:00:00","2020-02-06","1","50SLD0000242318","2020-02-06 16:12:50","SSAWD045","D20170","440"
"10288497","JB03","5020020111","2020-02-07 08:00:00","2020-02-06","1","50SLD0000242318","2020-02-06 16:12:51","SSAWD045","D20170","440"
"10288497","JB03","5020020111","2020-02-07 08:00:00","2020-02-06","1","50SLD0000242318","2020-02-06 16:12:53","SSAWD045","D20170","440"
"10288497","JB03","5020020111","2020-02-07 08:00:00","2020-02-06","1","50SLD0000242318","2020-02-06 16:12:55","SSAWD045","D20170","440"